filename,if_plate_id,position,sample,locations,antibody,ensembl_ids,gene_names
B2AI_1_untreated_C1_R1_,B2AI_1_untreated,C1,R1,,CAB079904,ENSG00000187555,
B2AI_1_untreated_C1_R2_,B2AI_1_untreated,C1,R2,,CAB079904,ENSG00000187555,
B2AI_1_untreated_C1_R3_,B2AI_1_untreated,C1,R3,,CAB079904,ENSG00000187555,
B2AI_1_untreated_C1_R5_,B2AI_1_untreated,C1,R5,,CAB079904,ENSG00000187555,
B2AI_1_untreated_C1_R6_,B2AI_1_untreated,C1,R6,,CAB079904,ENSG00000187555,
B2AI_1_untreated_C1_R7_,B2AI_1_untreated,C1,R7,,CAB079904,ENSG00000187555,
B2AI_1_untreated_C1_R8_,B2AI_1_untreated,C1,R8,,CAB079904,ENSG00000187555,
B2AI_1_untreated_G9_R1_,B2AI_1_untreated,G9,R1,,CAB079921,ENSG00000186298,
B2AI_1_untreated_G9_R2_,B2AI_1_untreated,G9,R2,,CAB079921,ENSG00000186298,
B2AI_1_untreated_G9_R3_,B2AI_1_untreated,G9,R3,,CAB079921,ENSG00000186298,
B2AI_1_untreated_G9_R4_,B2AI_1_untreated,G9,R4,,CAB079921,ENSG00000186298,
B2AI_1_untreated_G9_R5_,B2AI_1_untreated,G9,R5,,CAB079921,ENSG00000186298,
B2AI_1_untreated_G9_R6_,B2AI_1_untreated,G9,R6,,CAB079921,ENSG00000186298,
B2AI_1_untreated_G9_R7_,B2AI_1_untreated,G9,R7,,CAB079921,ENSG00000186298,
B2AI_1_untreated_G9_R8_,B2AI_1_untreated,G9,R8,,CAB079921,ENSG00000186298,
B2AI_1_untreated_E2_R1_,B2AI_1_untreated,E2,R1,,CAB080425,ENSG00000108773,
B2AI_1_untreated_E2_R2_,B2AI_1_untreated,E2,R2,,CAB080425,ENSG00000108773,
B2AI_1_untreated_E2_R3_,B2AI_1_untreated,E2,R3,,CAB080425,ENSG00000108773,
B2AI_1_untreated_E2_R4_,B2AI_1_untreated,E2,R4,,CAB080425,ENSG00000108773,
B2AI_1_untreated_E2_R5_,B2AI_1_untreated,E2,R5,,CAB080425,ENSG00000108773,
B2AI_1_untreated_E2_R6_,B2AI_1_untreated,E2,R6,,CAB080425,ENSG00000108773,
B2AI_1_untreated_E2_R7_,B2AI_1_untreated,E2,R7,,CAB080425,ENSG00000108773,
B2AI_1_untreated_E2_R8_,B2AI_1_untreated,E2,R8,,CAB080425,ENSG00000108773,
B2AI_1_untreated_A4_R1_,B2AI_1_untreated,A4,R1,,CAB080426,ENSG00000147099,
B2AI_1_untreated_A4_R2_,B2AI_1_untreated,A4,R2,,CAB080426,ENSG00000147099,
B2AI_1_untreated_A4_R3_,B2AI_1_untreated,A4,R3,,CAB080426,ENSG00000147099,
B2AI_1_untreated_A4_R4_,B2AI_1_untreated,A4,R4,,CAB080426,ENSG00000147099,
B2AI_1_untreated_A4_R5_,B2AI_1_untreated,A4,R5,,CAB080426,ENSG00000147099,
B2AI_1_untreated_A4_R6_,B2AI_1_untreated,A4,R6,,CAB080426,ENSG00000147099,
B2AI_1_untreated_A4_R7_,B2AI_1_untreated,A4,R7,,CAB080426,ENSG00000147099,
B2AI_1_untreated_A4_R8_,B2AI_1_untreated,A4,R8,,CAB080426,ENSG00000147099,
B2AI_1_untreated_D4_R2_,B2AI_1_untreated,D4,R2,,CAB080427,ENSG00000163517,
B2AI_1_untreated_D4_R3_,B2AI_1_untreated,D4,R3,,CAB080427,ENSG00000163517,
B2AI_1_untreated_D4_R4_,B2AI_1_untreated,D4,R4,,CAB080427,ENSG00000163517,
B2AI_1_untreated_D4_R5_,B2AI_1_untreated,D4,R5,,CAB080427,ENSG00000163517,
B2AI_1_untreated_D4_R6_,B2AI_1_untreated,D4,R6,,CAB080427,ENSG00000163517,
B2AI_1_untreated_D4_R7_,B2AI_1_untreated,D4,R7,,CAB080427,ENSG00000163517,
B2AI_1_untreated_D4_R8_,B2AI_1_untreated,D4,R8,,CAB080427,ENSG00000163517,
B2AI_1_untreated_B3_R1_,B2AI_1_untreated,B3,R1,,CAB080428,ENSG00000116478,
B2AI_1_untreated_B3_R2_,B2AI_1_untreated,B3,R2,,CAB080428,ENSG00000116478,
B2AI_1_untreated_B3_R3_,B2AI_1_untreated,B3,R3,,CAB080428,ENSG00000116478,
B2AI_1_untreated_B3_R4_,B2AI_1_untreated,B3,R4,,CAB080428,ENSG00000116478,
B2AI_1_untreated_B3_R5_,B2AI_1_untreated,B3,R5,,CAB080428,ENSG00000116478,
B2AI_1_untreated_B3_R6_,B2AI_1_untreated,B3,R6,,CAB080428,ENSG00000116478,
B2AI_1_untreated_B3_R7_,B2AI_1_untreated,B3,R7,,CAB080428,ENSG00000116478,
B2AI_1_untreated_B3_R8_,B2AI_1_untreated,B3,R8,,CAB080428,ENSG00000116478,
B2AI_1_untreated_D10_R1_,B2AI_1_untreated,D10,R1,,CAB080429,ENSG00000156983,
B2AI_1_untreated_D10_R2_,B2AI_1_untreated,D10,R2,,CAB080429,ENSG00000156983,
B2AI_1_untreated_D10_R3_,B2AI_1_untreated,D10,R3,,CAB080429,ENSG00000156983,
B2AI_1_untreated_D10_R4_,B2AI_1_untreated,D10,R4,,CAB080429,ENSG00000156983,
B2AI_1_untreated_D10_R5_,B2AI_1_untreated,D10,R5,,CAB080429,ENSG00000156983,
B2AI_1_untreated_D10_R6_,B2AI_1_untreated,D10,R6,,CAB080429,ENSG00000156983,
B2AI_1_untreated_D10_R7_,B2AI_1_untreated,D10,R7,,CAB080429,ENSG00000156983,
B2AI_1_untreated_D10_R8_,B2AI_1_untreated,D10,R8,,CAB080429,ENSG00000156983,
B2AI_1_untreated_A8_R1_,B2AI_1_untreated,A8,R1,,CAB080430,ENSG00000130816,
B2AI_1_untreated_A8_R2_,B2AI_1_untreated,A8,R2,,CAB080430,ENSG00000130816,
B2AI_1_untreated_A8_R3_,B2AI_1_untreated,A8,R3,,CAB080430,ENSG00000130816,
B2AI_1_untreated_A8_R4_,B2AI_1_untreated,A8,R4,,CAB080430,ENSG00000130816,
B2AI_1_untreated_A8_R5_,B2AI_1_untreated,A8,R5,,CAB080430,ENSG00000130816,
B2AI_1_untreated_A8_R6_,B2AI_1_untreated,A8,R6,,CAB080430,ENSG00000130816,
B2AI_1_untreated_A8_R7_,B2AI_1_untreated,A8,R7,,CAB080430,ENSG00000130816,
B2AI_1_untreated_A8_R8_,B2AI_1_untreated,A8,R8,,CAB080430,ENSG00000130816,
B2AI_1_untreated_H3_R1_,B2AI_1_untreated,H3,R1,,CAB080431,ENSG00000061273,
B2AI_1_untreated_H3_R2_,B2AI_1_untreated,H3,R2,,CAB080431,ENSG00000061273,
B2AI_1_untreated_H3_R3_,B2AI_1_untreated,H3,R3,,CAB080431,ENSG00000061273,
B2AI_1_untreated_H3_R4_,B2AI_1_untreated,H3,R4,,CAB080431,ENSG00000061273,
B2AI_1_untreated_H3_R5_,B2AI_1_untreated,H3,R5,,CAB080431,ENSG00000061273,
B2AI_1_untreated_H3_R6_,B2AI_1_untreated,H3,R6,,CAB080431,ENSG00000061273,
B2AI_1_untreated_H3_R7_,B2AI_1_untreated,H3,R7,,CAB080431,ENSG00000061273,
B2AI_1_untreated_H3_R8_,B2AI_1_untreated,H3,R8,,CAB080431,ENSG00000061273,
B2AI_1_untreated_B2_R1_,B2AI_1_untreated,B2,R1,,HPA001023,ENSG00000156531,
B2AI_1_untreated_B2_R2_,B2AI_1_untreated,B2,R2,,HPA001023,ENSG00000156531,
B2AI_1_untreated_B2_R3_,B2AI_1_untreated,B2,R3,,HPA001023,ENSG00000156531,
B2AI_1_untreated_B2_R4_,B2AI_1_untreated,B2,R4,,HPA001023,ENSG00000156531,
B2AI_1_untreated_B2_R5_,B2AI_1_untreated,B2,R5,,HPA001023,ENSG00000156531,
B2AI_1_untreated_B2_R6_,B2AI_1_untreated,B2,R6,,HPA001023,ENSG00000156531,
B2AI_1_untreated_B2_R7_,B2AI_1_untreated,B2,R7,,HPA001023,ENSG00000156531,
B2AI_1_untreated_B2_R8_,B2AI_1_untreated,B2,R8,,HPA001023,ENSG00000156531,
B2AI_1_untreated_G10_R1_,B2AI_1_untreated,G10,R1,,HPA001075,ENSG00000147133,
B2AI_1_untreated_G10_R2_,B2AI_1_untreated,G10,R2,,HPA001075,ENSG00000147133,
B2AI_1_untreated_G10_R3_,B2AI_1_untreated,G10,R3,,HPA001075,ENSG00000147133,
B2AI_1_untreated_G10_R4_,B2AI_1_untreated,G10,R4,,HPA001075,ENSG00000147133,
B2AI_1_untreated_G10_R5_,B2AI_1_untreated,G10,R5,,HPA001075,ENSG00000147133,
B2AI_1_untreated_G10_R6_,B2AI_1_untreated,G10,R6,,HPA001075,ENSG00000147133,
B2AI_1_untreated_G10_R7_,B2AI_1_untreated,G10,R7,,HPA001075,ENSG00000147133,
B2AI_1_untreated_G10_R8_,B2AI_1_untreated,G10,R8,,HPA001075,ENSG00000147133,
B2AI_1_untreated_D6_R1_,B2AI_1_untreated,D6,R1,,HPA001780,ENSG00000100784,
B2AI_1_untreated_D6_R2_,B2AI_1_untreated,D6,R2,,HPA001780,ENSG00000100784,
B2AI_1_untreated_D6_R3_,B2AI_1_untreated,D6,R3,,HPA001780,ENSG00000100784,
B2AI_1_untreated_D6_R4_,B2AI_1_untreated,D6,R4,,HPA001780,ENSG00000100784,
B2AI_1_untreated_D6_R5_,B2AI_1_untreated,D6,R5,,HPA001780,ENSG00000100784,
B2AI_1_untreated_D6_R6_,B2AI_1_untreated,D6,R6,,HPA001780,ENSG00000100784,
B2AI_1_untreated_D6_R7_,B2AI_1_untreated,D6,R7,,HPA001780,ENSG00000100784,
B2AI_1_untreated_D6_R8_,B2AI_1_untreated,D6,R8,,HPA001780,ENSG00000100784,
B2AI_1_untreated_C8_R1_,B2AI_1_untreated,C8,R1,,HPA001803,ENSG00000088305,
B2AI_1_untreated_C8_R2_,B2AI_1_untreated,C8,R2,,HPA001803,ENSG00000088305,
B2AI_1_untreated_C8_R3_,B2AI_1_untreated,C8,R3,,HPA001803,ENSG00000088305,
B2AI_1_untreated_C8_R4_,B2AI_1_untreated,C8,R4,,HPA001803,ENSG00000088305,
B2AI_1_untreated_C8_R5_,B2AI_1_untreated,C8,R5,,HPA001803,ENSG00000088305,
B2AI_1_untreated_C8_R6_,B2AI_1_untreated,C8,R6,,HPA001803,ENSG00000088305,
B2AI_1_untreated_C8_R7_,B2AI_1_untreated,C8,R7,,HPA001803,ENSG00000088305,
B2AI_1_untreated_H6_R1_,B2AI_1_untreated,H6,R1,,HPA001890,ENSG00000163932,
B2AI_1_untreated_H6_R2_,B2AI_1_untreated,H6,R2,,HPA001890,ENSG00000163932,
B2AI_1_untreated_H6_R3_,B2AI_1_untreated,H6,R3,,HPA001890,ENSG00000163932,
B2AI_1_untreated_H6_R5_,B2AI_1_untreated,H6,R5,,HPA001890,ENSG00000163932,
B2AI_1_untreated_H6_R6_,B2AI_1_untreated,H6,R6,,HPA001890,ENSG00000163932,
B2AI_1_untreated_H6_R7_,B2AI_1_untreated,H6,R7,,HPA001890,ENSG00000163932,
B2AI_1_untreated_H6_R8_,B2AI_1_untreated,H6,R8,,HPA001890,ENSG00000163932,
B2AI_1_untreated_H5_R1_,B2AI_1_untreated,H5,R1,,HPA002636,ENSG00000087586,
B2AI_1_untreated_H5_R2_,B2AI_1_untreated,H5,R2,,HPA002636,ENSG00000087586,
B2AI_1_untreated_H5_R3_,B2AI_1_untreated,H5,R3,,HPA002636,ENSG00000087586,
B2AI_1_untreated_H5_R4_,B2AI_1_untreated,H5,R4,,HPA002636,ENSG00000087586,
B2AI_1_untreated_H5_R5_,B2AI_1_untreated,H5,R5,,HPA002636,ENSG00000087586,
B2AI_1_untreated_H5_R6_,B2AI_1_untreated,H5,R6,,HPA002636,ENSG00000087586,
B2AI_1_untreated_H5_R7_,B2AI_1_untreated,H5,R7,,HPA002636,ENSG00000087586,
B2AI_1_untreated_G2_R1_,B2AI_1_untreated,G2,R1,,HPA003128,ENSG00000100393,
B2AI_1_untreated_G2_R2_,B2AI_1_untreated,G2,R2,,HPA003128,ENSG00000100393,
B2AI_1_untreated_G2_R3_,B2AI_1_untreated,G2,R3,,HPA003128,ENSG00000100393,
B2AI_1_untreated_G2_R4_,B2AI_1_untreated,G2,R4,,HPA003128,ENSG00000100393,
B2AI_1_untreated_G2_R5_,B2AI_1_untreated,G2,R5,,HPA003128,ENSG00000100393,
B2AI_1_untreated_G2_R6_,B2AI_1_untreated,G2,R6,,HPA003128,ENSG00000100393,
B2AI_1_untreated_G2_R7_,B2AI_1_untreated,G2,R7,,HPA003128,ENSG00000100393,
B2AI_1_untreated_G2_R8_,B2AI_1_untreated,G2,R8,,HPA003128,ENSG00000100393,
B2AI_1_untreated_G3_R1_,B2AI_1_untreated,G3,R1,,HPA003714,ENSG00000094631,
B2AI_1_untreated_G3_R2_,B2AI_1_untreated,G3,R2,,HPA003714,ENSG00000094631,
B2AI_1_untreated_G3_R3_,B2AI_1_untreated,G3,R3,,HPA003714,ENSG00000094631,
B2AI_1_untreated_G3_R4_,B2AI_1_untreated,G3,R4,,HPA003714,ENSG00000094631,
B2AI_1_untreated_G3_R5_,B2AI_1_untreated,G3,R5,,HPA003714,ENSG00000094631,
B2AI_1_untreated_G3_R6_,B2AI_1_untreated,G3,R6,,HPA003714,ENSG00000094631,
B2AI_1_untreated_G3_R7_,B2AI_1_untreated,G3,R7,,HPA003714,ENSG00000094631,
B2AI_1_untreated_G3_R8_,B2AI_1_untreated,G3,R8,,HPA003714,ENSG00000094631,
B2AI_1_untreated_G7_R2_,B2AI_1_untreated,G7,R2,,HPA004246,ENSG00000106617,
B2AI_1_untreated_G7_R3_,B2AI_1_untreated,G7,R3,,HPA004246,ENSG00000106617,
B2AI_1_untreated_G7_R4_,B2AI_1_untreated,G7,R4,,HPA004246,ENSG00000106617,
B2AI_1_untreated_G7_R5_,B2AI_1_untreated,G7,R5,,HPA004246,ENSG00000106617,
B2AI_1_untreated_G7_R6_,B2AI_1_untreated,G7,R6,,HPA004246,ENSG00000106617,
B2AI_1_untreated_G7_R7_,B2AI_1_untreated,G7,R7,,HPA004246,ENSG00000106617,
B2AI_1_untreated_G7_R8_,B2AI_1_untreated,G7,R8,,HPA004246,ENSG00000106617,
B2AI_1_untreated_D7_R1_,B2AI_1_untreated,D7,R1,,HPA004247,ENSG00000111725,
B2AI_1_untreated_D7_R2_,B2AI_1_untreated,D7,R2,,HPA004247,ENSG00000111725,
B2AI_1_untreated_D7_R3_,B2AI_1_untreated,D7,R3,,HPA004247,ENSG00000111725,
B2AI_1_untreated_D7_R4_,B2AI_1_untreated,D7,R4,,HPA004247,ENSG00000111725,
B2AI_1_untreated_D7_R5_,B2AI_1_untreated,D7,R5,,HPA004247,ENSG00000111725,
B2AI_1_untreated_D7_R6_,B2AI_1_untreated,D7,R6,,HPA004247,ENSG00000111725,
B2AI_1_untreated_D7_R7_,B2AI_1_untreated,D7,R7,,HPA004247,ENSG00000111725,
B2AI_1_untreated_D7_R8_,B2AI_1_untreated,D7,R8,,HPA004247,ENSG00000111725,
B2AI_1_untreated_E1_R2_,B2AI_1_untreated,E1,R2,,HPA004840,ENSG00000012048,
B2AI_1_untreated_E1_R3_,B2AI_1_untreated,E1,R3,,HPA004840,ENSG00000012048,
B2AI_1_untreated_E1_R4_,B2AI_1_untreated,E1,R4,,HPA004840,ENSG00000012048,
B2AI_1_untreated_E1_R5_,B2AI_1_untreated,E1,R5,,HPA004840,ENSG00000012048,
B2AI_1_untreated_E1_R6_,B2AI_1_untreated,E1,R6,,HPA004840,ENSG00000012048,
B2AI_1_untreated_E1_R7_,B2AI_1_untreated,E1,R7,,HPA004840,ENSG00000012048,
B2AI_1_untreated_G11_R1_,B2AI_1_untreated,G11,R1,,HPA004902,ENSG00000122565,
B2AI_1_untreated_G11_R2_,B2AI_1_untreated,G11,R2,,HPA004902,ENSG00000122565,
B2AI_1_untreated_G11_R3_,B2AI_1_untreated,G11,R3,,HPA004902,ENSG00000122565,
B2AI_1_untreated_G11_R4_,B2AI_1_untreated,G11,R4,,HPA004902,ENSG00000122565,
B2AI_1_untreated_G11_R6_,B2AI_1_untreated,G11,R6,,HPA004902,ENSG00000122565,
B2AI_1_untreated_G11_R7_,B2AI_1_untreated,G11,R7,,HPA004902,ENSG00000122565,
B2AI_1_untreated_G11_R8_,B2AI_1_untreated,G11,R8,,HPA004902,ENSG00000122565,
B2AI_1_untreated_A3_R2_,B2AI_1_untreated,A3,R2,,HPA006104,ENSG00000156650,
B2AI_1_untreated_A3_R3_,B2AI_1_untreated,A3,R3,,HPA006104,ENSG00000156650,
B2AI_1_untreated_A3_R4_,B2AI_1_untreated,A3,R4,,HPA006104,ENSG00000156650,
B2AI_1_untreated_A3_R5_,B2AI_1_untreated,A3,R5,,HPA006104,ENSG00000156650,
B2AI_1_untreated_A3_R7_,B2AI_1_untreated,A3,R7,,HPA006104,ENSG00000156650,
B2AI_1_untreated_A3_R8_,B2AI_1_untreated,A3,R8,,HPA006104,ENSG00000156650,
B2AI_1_untreated_F6_R1_,B2AI_1_untreated,F6,R1,,HPA006563,ENSG00000154229,
B2AI_1_untreated_F6_R2_,B2AI_1_untreated,F6,R2,,HPA006563,ENSG00000154229,
B2AI_1_untreated_F6_R3_,B2AI_1_untreated,F6,R3,,HPA006563,ENSG00000154229,
B2AI_1_untreated_F6_R4_,B2AI_1_untreated,F6,R4,,HPA006563,ENSG00000154229,
B2AI_1_untreated_F6_R5_,B2AI_1_untreated,F6,R5,,HPA006563,ENSG00000154229,
B2AI_1_untreated_F6_R6_,B2AI_1_untreated,F6,R6,,HPA006563,ENSG00000154229,
B2AI_1_untreated_F6_R7_,B2AI_1_untreated,F6,R7,,HPA006563,ENSG00000154229,
B2AI_1_untreated_F6_R8_,B2AI_1_untreated,F6,R8,,HPA006563,ENSG00000154229,
B2AI_1_untreated_B11_R1_,B2AI_1_untreated,B11,R1,,HPA008445,ENSG00000108953,
B2AI_1_untreated_B11_R2_,B2AI_1_untreated,B11,R2,,HPA008445,ENSG00000108953,
B2AI_1_untreated_B11_R3_,B2AI_1_untreated,B11,R3,,HPA008445,ENSG00000108953,
B2AI_1_untreated_B11_R4_,B2AI_1_untreated,B11,R4,,HPA008445,ENSG00000108953,
B2AI_1_untreated_B11_R5_,B2AI_1_untreated,B11,R5,,HPA008445,ENSG00000108953,
B2AI_1_untreated_B11_R6_,B2AI_1_untreated,B11,R6,,HPA008445,ENSG00000108953,
B2AI_1_untreated_B11_R7_,B2AI_1_untreated,B11,R7,,HPA008445,ENSG00000108953,
B2AI_1_untreated_B11_R8_,B2AI_1_untreated,B11,R8,,HPA008445,ENSG00000108953,
B2AI_1_untreated_E4_R1_,B2AI_1_untreated,E4,R1,,HPA011165,ENSG00000068903,
B2AI_1_untreated_E4_R2_,B2AI_1_untreated,E4,R2,,HPA011165,ENSG00000068903,
B2AI_1_untreated_E4_R3_,B2AI_1_untreated,E4,R3,,HPA011165,ENSG00000068903,
B2AI_1_untreated_E4_R4_,B2AI_1_untreated,E4,R4,,HPA011165,ENSG00000068903,
B2AI_1_untreated_E4_R5_,B2AI_1_untreated,E4,R5,,HPA011165,ENSG00000068903,
B2AI_1_untreated_E4_R6_,B2AI_1_untreated,E4,R6,,HPA011165,ENSG00000068903,
B2AI_1_untreated_E4_R7_,B2AI_1_untreated,E4,R7,,HPA011165,ENSG00000068903,
B2AI_1_untreated_E4_R8_,B2AI_1_untreated,E4,R8,,HPA011165,ENSG00000068903,
B2AI_1_untreated_C11_R1_,B2AI_1_untreated,C11,R1,,HPA011212,ENSG00000166913,
B2AI_1_untreated_C11_R2_,B2AI_1_untreated,C11,R2,,HPA011212,ENSG00000166913,
B2AI_1_untreated_C11_R3_,B2AI_1_untreated,C11,R3,,HPA011212,ENSG00000166913,
B2AI_1_untreated_C11_R4_,B2AI_1_untreated,C11,R4,,HPA011212,ENSG00000166913,
B2AI_1_untreated_C11_R5_,B2AI_1_untreated,C11,R5,,HPA011212,ENSG00000166913,
B2AI_1_untreated_C11_R6_,B2AI_1_untreated,C11,R6,,HPA011212,ENSG00000166913,
B2AI_1_untreated_C11_R7_,B2AI_1_untreated,C11,R7,,HPA011212,ENSG00000166913,
B2AI_1_untreated_C3_R1_,B2AI_1_untreated,C3,R1,,HPA011727,ENSG00000196591,
B2AI_1_untreated_C3_R2_,B2AI_1_untreated,C3,R2,,HPA011727,ENSG00000196591,
B2AI_1_untreated_C3_R3_,B2AI_1_untreated,C3,R3,,HPA011727,ENSG00000196591,
B2AI_1_untreated_C3_R4_,B2AI_1_untreated,C3,R4,,HPA011727,ENSG00000196591,
B2AI_1_untreated_C3_R5_,B2AI_1_untreated,C3,R5,,HPA011727,ENSG00000196591,
B2AI_1_untreated_C3_R6_,B2AI_1_untreated,C3,R6,,HPA011727,ENSG00000196591,
B2AI_1_untreated_C3_R7_,B2AI_1_untreated,C3,R7,,HPA011727,ENSG00000196591,
B2AI_1_untreated_C3_R8_,B2AI_1_untreated,C3,R8,,HPA011727,ENSG00000196591,
B2AI_1_untreated_E10_R1_,B2AI_1_untreated,E10,R1,,HPA012008,ENSG00000111642,
B2AI_1_untreated_E10_R2_,B2AI_1_untreated,E10,R2,,HPA012008,ENSG00000111642,
B2AI_1_untreated_E10_R3_,B2AI_1_untreated,E10,R3,,HPA012008,ENSG00000111642,
B2AI_1_untreated_E10_R4_,B2AI_1_untreated,E10,R4,,HPA012008,ENSG00000111642,
B2AI_1_untreated_E10_R5_,B2AI_1_untreated,E10,R5,,HPA012008,ENSG00000111642,
B2AI_1_untreated_E10_R6_,B2AI_1_untreated,E10,R6,,HPA012008,ENSG00000111642,
B2AI_1_untreated_E10_R7_,B2AI_1_untreated,E10,R7,,HPA012008,ENSG00000111642,
B2AI_1_untreated_E10_R8_,B2AI_1_untreated,E10,R8,,HPA012008,ENSG00000111642,
B2AI_1_untreated_F4_R1_,B2AI_1_untreated,F4,R1,,HPA016610,ENSG00000120733,
B2AI_1_untreated_F4_R2_,B2AI_1_untreated,F4,R2,,HPA016610,ENSG00000120733,
B2AI_1_untreated_F4_R3_,B2AI_1_untreated,F4,R3,,HPA016610,ENSG00000120733,
B2AI_1_untreated_F4_R4_,B2AI_1_untreated,F4,R4,,HPA016610,ENSG00000120733,
B2AI_1_untreated_F4_R6_,B2AI_1_untreated,F4,R6,,HPA016610,ENSG00000120733,
B2AI_1_untreated_F4_R7_,B2AI_1_untreated,F4,R7,,HPA016610,ENSG00000120733,
B2AI_1_untreated_F4_R8_,B2AI_1_untreated,F4,R8,,HPA016610,ENSG00000120733,
B2AI_1_untreated_C5_R2_,B2AI_1_untreated,C5,R2,,HPA019032,ENSG00000138336,
B2AI_1_untreated_C5_R3_,B2AI_1_untreated,C5,R3,,HPA019032,ENSG00000138336,
B2AI_1_untreated_C5_R4_,B2AI_1_untreated,C5,R4,,HPA019032,ENSG00000138336,
B2AI_1_untreated_C5_R5_,B2AI_1_untreated,C5,R5,,HPA019032,ENSG00000138336,
B2AI_1_untreated_C5_R6_,B2AI_1_untreated,C5,R6,,HPA019032,ENSG00000138336,
B2AI_1_untreated_C5_R7_,B2AI_1_untreated,C5,R7,,HPA019032,ENSG00000138336,
B2AI_1_untreated_C5_R8_,B2AI_1_untreated,C5,R8,,HPA019032,ENSG00000138336,
B2AI_1_untreated_C4_R1_,B2AI_1_untreated,C4,R1,,HPA019662,ENSG00000100429,
B2AI_1_untreated_C4_R2_,B2AI_1_untreated,C4,R2,,HPA019662,ENSG00000100429,
B2AI_1_untreated_C4_R3_,B2AI_1_untreated,C4,R3,,HPA019662,ENSG00000100429,
B2AI_1_untreated_C4_R4_,B2AI_1_untreated,C4,R4,,HPA019662,ENSG00000100429,
B2AI_1_untreated_C4_R5_,B2AI_1_untreated,C4,R5,,HPA019662,ENSG00000100429,
B2AI_1_untreated_C4_R7_,B2AI_1_untreated,C4,R7,,HPA019662,ENSG00000100429,
B2AI_1_untreated_C4_R8_,B2AI_1_untreated,C4,R8,,HPA019662,ENSG00000100429,
B2AI_1_untreated_F12_R1_,B2AI_1_untreated,F12,R1,,HPA021152,ENSG00000164951,
B2AI_1_untreated_F12_R3_,B2AI_1_untreated,F12,R3,,HPA021152,ENSG00000164951,
B2AI_1_untreated_F12_R4_,B2AI_1_untreated,F12,R4,,HPA021152,ENSG00000164951,
B2AI_1_untreated_F12_R5_,B2AI_1_untreated,F12,R5,,HPA021152,ENSG00000164951,
B2AI_1_untreated_F12_R6_,B2AI_1_untreated,F12,R6,,HPA021152,ENSG00000164951,
B2AI_1_untreated_F12_R7_,B2AI_1_untreated,F12,R7,,HPA021152,ENSG00000164951,
B2AI_1_untreated_F12_R8_,B2AI_1_untreated,F12,R8,,HPA021152,ENSG00000164951,
B2AI_1_untreated_E12_R1_,B2AI_1_untreated,E12,R1,,HPA021876,ENSG00000011258,
B2AI_1_untreated_E12_R3_,B2AI_1_untreated,E12,R3,,HPA021876,ENSG00000011258,
B2AI_1_untreated_E12_R4_,B2AI_1_untreated,E12,R4,,HPA021876,ENSG00000011258,
B2AI_1_untreated_E12_R5_,B2AI_1_untreated,E12,R5,,HPA021876,ENSG00000011258,
B2AI_1_untreated_E12_R6_,B2AI_1_untreated,E12,R6,,HPA021876,ENSG00000011258,
B2AI_1_untreated_E12_R7_,B2AI_1_untreated,E12,R7,,HPA021876,ENSG00000011258,
B2AI_1_untreated_E12_R8_,B2AI_1_untreated,E12,R8,,HPA021876,ENSG00000011258,
B2AI_1_untreated_B12_R1_,B2AI_1_untreated,B12,R1,,HPA022133,ENSG00000067369,
B2AI_1_untreated_B12_R2_,B2AI_1_untreated,B12,R2,,HPA022133,ENSG00000067369,
B2AI_1_untreated_B12_R3_,B2AI_1_untreated,B12,R3,,HPA022133,ENSG00000067369,
B2AI_1_untreated_B12_R4_,B2AI_1_untreated,B12,R4,,HPA022133,ENSG00000067369,
B2AI_1_untreated_B12_R5_,B2AI_1_untreated,B12,R5,,HPA022133,ENSG00000067369,
B2AI_1_untreated_B12_R6_,B2AI_1_untreated,B12,R6,,HPA022133,ENSG00000067369,
B2AI_1_untreated_B12_R7_,B2AI_1_untreated,B12,R7,,HPA022133,ENSG00000067369,
B2AI_1_untreated_B12_R8_,B2AI_1_untreated,B12,R8,,HPA022133,ENSG00000067369,
B2AI_1_untreated_D12_R2_,B2AI_1_untreated,D12,R2,,HPA022236,ENSG00000153922,
B2AI_1_untreated_D12_R3_,B2AI_1_untreated,D12,R3,,HPA022236,ENSG00000153922,
B2AI_1_untreated_D12_R4_,B2AI_1_untreated,D12,R4,,HPA022236,ENSG00000153922,
B2AI_1_untreated_D12_R5_,B2AI_1_untreated,D12,R5,,HPA022236,ENSG00000153922,
B2AI_1_untreated_D12_R6_,B2AI_1_untreated,D12,R6,,HPA022236,ENSG00000153922,
B2AI_1_untreated_D12_R7_,B2AI_1_untreated,D12,R7,,HPA022236,ENSG00000153922,
B2AI_1_untreated_D12_R8_,B2AI_1_untreated,D12,R8,,HPA022236,ENSG00000153922,
B2AI_1_untreated_F11_R1_,B2AI_1_untreated,F11,R1,,HPA023083,ENSG00000173894,
B2AI_1_untreated_F11_R2_,B2AI_1_untreated,F11,R2,,HPA023083,ENSG00000173894,
B2AI_1_untreated_F11_R3_,B2AI_1_untreated,F11,R3,,HPA023083,ENSG00000173894,
B2AI_1_untreated_F11_R4_,B2AI_1_untreated,F11,R4,,HPA023083,ENSG00000173894,
B2AI_1_untreated_F11_R5_,B2AI_1_untreated,F11,R5,,HPA023083,ENSG00000173894,
B2AI_1_untreated_F11_R6_,B2AI_1_untreated,F11,R6,,HPA023083,ENSG00000173894,
B2AI_1_untreated_F11_R7_,B2AI_1_untreated,F11,R7,,HPA023083,ENSG00000173894,
B2AI_1_untreated_F11_R8_,B2AI_1_untreated,F11,R8,,HPA023083,ENSG00000173894,
B2AI_1_untreated_E6_R1_,B2AI_1_untreated,E6,R1,,HPA023225,ENSG00000162302,
B2AI_1_untreated_E6_R2_,B2AI_1_untreated,E6,R2,,HPA023225,ENSG00000162302,
B2AI_1_untreated_E6_R3_,B2AI_1_untreated,E6,R3,,HPA023225,ENSG00000162302,
B2AI_1_untreated_E6_R4_,B2AI_1_untreated,E6,R4,,HPA023225,ENSG00000162302,
B2AI_1_untreated_E6_R5_,B2AI_1_untreated,E6,R5,,HPA023225,ENSG00000162302,
B2AI_1_untreated_E6_R6_,B2AI_1_untreated,E6,R6,,HPA023225,ENSG00000162302,
B2AI_1_untreated_E6_R7_,B2AI_1_untreated,E6,R7,,HPA023225,ENSG00000162302,
B2AI_1_untreated_E6_R8_,B2AI_1_untreated,E6,R8,,HPA023225,ENSG00000162302,
B2AI_1_untreated_A2_R12_,B2AI_1_untreated,A2,R12,,HPA023567,ENSG00000188895,
B2AI_1_untreated_A2_R13_,B2AI_1_untreated,A2,R13,,HPA023567,ENSG00000188895,
B2AI_1_untreated_A2_R14_,B2AI_1_untreated,A2,R14,,HPA023567,ENSG00000188895,
B2AI_1_untreated_A2_R15_,B2AI_1_untreated,A2,R15,,HPA023567,ENSG00000188895,
B2AI_1_untreated_A2_R2_,B2AI_1_untreated,A2,R2,,HPA023567,ENSG00000188895,
B2AI_1_untreated_A2_R3_,B2AI_1_untreated,A2,R3,,HPA023567,ENSG00000188895,
B2AI_1_untreated_A2_R5_,B2AI_1_untreated,A2,R5,,HPA023567,ENSG00000188895,
B2AI_1_untreated_A2_R7_,B2AI_1_untreated,A2,R7,,HPA023567,ENSG00000188895,
B2AI_1_untreated_A2_R8_,B2AI_1_untreated,A2,R8,,HPA023567,ENSG00000188895,
B2AI_1_untreated_B8_R1_,B2AI_1_untreated,B8,R1,,HPA026588,ENSG00000119772,
B2AI_1_untreated_B8_R2_,B2AI_1_untreated,B8,R2,,HPA026588,ENSG00000119772,
B2AI_1_untreated_B8_R3_,B2AI_1_untreated,B8,R3,,HPA026588,ENSG00000119772,
B2AI_1_untreated_B8_R4_,B2AI_1_untreated,B8,R4,,HPA026588,ENSG00000119772,
B2AI_1_untreated_B8_R5_,B2AI_1_untreated,B8,R5,,HPA026588,ENSG00000119772,
B2AI_1_untreated_B8_R6_,B2AI_1_untreated,B8,R6,,HPA026588,ENSG00000119772,
B2AI_1_untreated_B8_R7_,B2AI_1_untreated,B8,R7,,HPA026588,ENSG00000119772,
B2AI_1_untreated_B8_R8_,B2AI_1_untreated,B8,R8,,HPA026588,ENSG00000119772,
B2AI_1_untreated_D2_R1_,B2AI_1_untreated,D2,R1,,HPA026633,ENSG00000147854,
B2AI_1_untreated_D2_R3_,B2AI_1_untreated,D2,R3,,HPA026633,ENSG00000147854,
B2AI_1_untreated_D2_R4_,B2AI_1_untreated,D2,R4,,HPA026633,ENSG00000147854,
B2AI_1_untreated_D2_R5_,B2AI_1_untreated,D2,R5,,HPA026633,ENSG00000147854,
B2AI_1_untreated_D2_R6_,B2AI_1_untreated,D2,R6,,HPA026633,ENSG00000147854,
B2AI_1_untreated_D2_R7_,B2AI_1_untreated,D2,R7,,HPA026633,ENSG00000147854,
B2AI_1_untreated_D2_R8_,B2AI_1_untreated,D2,R8,,HPA026633,ENSG00000147854,
B2AI_1_untreated_D11_R1_,B2AI_1_untreated,D11,R1,,HPA026918,ENSG00000170027,
B2AI_1_untreated_D11_R2_,B2AI_1_untreated,D11,R2,,HPA026918,ENSG00000170027,
B2AI_1_untreated_D11_R3_,B2AI_1_untreated,D11,R3,,HPA026918,ENSG00000170027,
B2AI_1_untreated_D11_R4_,B2AI_1_untreated,D11,R4,,HPA026918,ENSG00000170027,
B2AI_1_untreated_D11_R5_,B2AI_1_untreated,D11,R5,,HPA026918,ENSG00000170027,
B2AI_1_untreated_D11_R6_,B2AI_1_untreated,D11,R6,,HPA026918,ENSG00000170027,
B2AI_1_untreated_D11_R7_,B2AI_1_untreated,D11,R7,,HPA026918,ENSG00000170027,
B2AI_1_untreated_D11_R8_,B2AI_1_untreated,D11,R8,,HPA026918,ENSG00000170027,
B2AI_1_untreated_H1_R1_,B2AI_1_untreated,H1,R1,,HPA027956,ENSG00000110395,
B2AI_1_untreated_H1_R2_,B2AI_1_untreated,H1,R2,,HPA027956,ENSG00000110395,
B2AI_1_untreated_H1_R3_,B2AI_1_untreated,H1,R3,,HPA027956,ENSG00000110395,
B2AI_1_untreated_H1_R4_,B2AI_1_untreated,H1,R4,,HPA027956,ENSG00000110395,
B2AI_1_untreated_H1_R5_,B2AI_1_untreated,H1,R5,,HPA027956,ENSG00000110395,
B2AI_1_untreated_H1_R6_,B2AI_1_untreated,H1,R6,,HPA027956,ENSG00000110395,
B2AI_1_untreated_H1_R7_,B2AI_1_untreated,H1,R7,,HPA027956,ENSG00000110395,
B2AI_1_untreated_H1_R8_,B2AI_1_untreated,H1,R8,,HPA027956,ENSG00000110395,
B2AI_1_untreated_B1_R1_,B2AI_1_untreated,B1,R1,,HPA028815,ENSG00000163930,
B2AI_1_untreated_B1_R2_,B2AI_1_untreated,B1,R2,,HPA028815,ENSG00000163930,
B2AI_1_untreated_B1_R3_,B2AI_1_untreated,B1,R3,,HPA028815,ENSG00000163930,
B2AI_1_untreated_B1_R4_,B2AI_1_untreated,B1,R4,,HPA028815,ENSG00000163930,
B2AI_1_untreated_B1_R5_,B2AI_1_untreated,B1,R5,,HPA028815,ENSG00000163930,
B2AI_1_untreated_B1_R6_,B2AI_1_untreated,B1,R6,,HPA028815,ENSG00000163930,
B2AI_1_untreated_B1_R7_,B2AI_1_untreated,B1,R7,,HPA028815,ENSG00000163930,
B2AI_1_untreated_B1_R8_,B2AI_1_untreated,B1,R8,,HPA028815,ENSG00000163930,
B2AI_1_untreated_D9_R1_,B2AI_1_untreated,D9,R1,,HPA028917,ENSG00000104313,
B2AI_1_untreated_D9_R2_,B2AI_1_untreated,D9,R2,,HPA028917,ENSG00000104313,
B2AI_1_untreated_D9_R3_,B2AI_1_untreated,D9,R3,,HPA028917,ENSG00000104313,
B2AI_1_untreated_D9_R4_,B2AI_1_untreated,D9,R4,,HPA028917,ENSG00000104313,
B2AI_1_untreated_D9_R5_,B2AI_1_untreated,D9,R5,,HPA028917,ENSG00000104313,
B2AI_1_untreated_D9_R6_,B2AI_1_untreated,D9,R6,,HPA028917,ENSG00000104313,
B2AI_1_untreated_D9_R7_,B2AI_1_untreated,D9,R7,,HPA028917,ENSG00000104313,
B2AI_1_untreated_D9_R8_,B2AI_1_untreated,D9,R8,,HPA028917,ENSG00000104313,
B2AI_1_untreated_B4_R1_,B2AI_1_untreated,B4,R1,,HPA028926,ENSG00000048052,
B2AI_1_untreated_B4_R2_,B2AI_1_untreated,B4,R2,,HPA028926,ENSG00000048052,
B2AI_1_untreated_B4_R3_,B2AI_1_untreated,B4,R3,,HPA028926,ENSG00000048052,
B2AI_1_untreated_B4_R4_,B2AI_1_untreated,B4,R4,,HPA028926,ENSG00000048052,
B2AI_1_untreated_B4_R5_,B2AI_1_untreated,B4,R5,,HPA028926,ENSG00000048052,
B2AI_1_untreated_B4_R6_,B2AI_1_untreated,B4,R6,,HPA028926,ENSG00000048052,
B2AI_1_untreated_B4_R7_,B2AI_1_untreated,B4,R7,,HPA028926,ENSG00000048052,
B2AI_1_untreated_B4_R8_,B2AI_1_untreated,B4,R8,,HPA028926,ENSG00000048052,
B2AI_1_untreated_A10_R1_,B2AI_1_untreated,A10,R1,,HPA029069,ENSG00000171634,
B2AI_1_untreated_A10_R2_,B2AI_1_untreated,A10,R2,,HPA029069,ENSG00000171634,
B2AI_1_untreated_A10_R3_,B2AI_1_untreated,A10,R3,,HPA029069,ENSG00000171634,
B2AI_1_untreated_A10_R4_,B2AI_1_untreated,A10,R4,,HPA029069,ENSG00000171634,
B2AI_1_untreated_A10_R5_,B2AI_1_untreated,A10,R5,,HPA029069,ENSG00000171634,
B2AI_1_untreated_A10_R6_,B2AI_1_untreated,A10,R6,,HPA029069,ENSG00000171634,
B2AI_1_untreated_A10_R7_,B2AI_1_untreated,A10,R7,,HPA029069,ENSG00000171634,
B2AI_1_untreated_A10_R8_,B2AI_1_untreated,A10,R8,,HPA029069,ENSG00000171634,
B2AI_1_untreated_B6_R1_,B2AI_1_untreated,B6,R1,,HPA030698,ENSG00000177602,
B2AI_1_untreated_B6_R2_,B2AI_1_untreated,B6,R2,,HPA030698,ENSG00000177602,
B2AI_1_untreated_B6_R3_,B2AI_1_untreated,B6,R3,,HPA030698,ENSG00000177602,
B2AI_1_untreated_B6_R4_,B2AI_1_untreated,B6,R4,,HPA030698,ENSG00000177602,
B2AI_1_untreated_B6_R5_,B2AI_1_untreated,B6,R5,,HPA030698,ENSG00000177602,
B2AI_1_untreated_B6_R6_,B2AI_1_untreated,B6,R6,,HPA030698,ENSG00000177602,
B2AI_1_untreated_B6_R7_,B2AI_1_untreated,B6,R7,,HPA030698,ENSG00000177602,
B2AI_1_untreated_B6_R8_,B2AI_1_untreated,B6,R8,,HPA030698,ENSG00000177602,
B2AI_1_untreated_F3_R1_,B2AI_1_untreated,F3,R1,,HPA030991,ENSG00000108840,
B2AI_1_untreated_F3_R2_,B2AI_1_untreated,F3,R2,,HPA030991,ENSG00000108840,
B2AI_1_untreated_F3_R3_,B2AI_1_untreated,F3,R3,,HPA030991,ENSG00000108840,
B2AI_1_untreated_F3_R4_,B2AI_1_untreated,F3,R4,,HPA030991,ENSG00000108840,
B2AI_1_untreated_F3_R5_,B2AI_1_untreated,F3,R5,,HPA030991,ENSG00000108840,
B2AI_1_untreated_F3_R6_,B2AI_1_untreated,F3,R6,,HPA030991,ENSG00000108840,
B2AI_1_untreated_F3_R7_,B2AI_1_untreated,F3,R7,,HPA030991,ENSG00000108840,
B2AI_1_untreated_F3_R8_,B2AI_1_untreated,F3,R8,,HPA030991,ENSG00000108840,
B2AI_1_untreated_F1_R1_,B2AI_1_untreated,F1,R1,,HPA035354,ENSG00000138376,
B2AI_1_untreated_F1_R2_,B2AI_1_untreated,F1,R2,,HPA035354,ENSG00000138376,
B2AI_1_untreated_F1_R3_,B2AI_1_untreated,F1,R3,,HPA035354,ENSG00000138376,
B2AI_1_untreated_F1_R4_,B2AI_1_untreated,F1,R4,,HPA035354,ENSG00000138376,
B2AI_1_untreated_F1_R5_,B2AI_1_untreated,F1,R5,,HPA035354,ENSG00000138376,
B2AI_1_untreated_F1_R6_,B2AI_1_untreated,F1,R6,,HPA035354,ENSG00000138376,
B2AI_1_untreated_F1_R7_,B2AI_1_untreated,F1,R7,,HPA035354,ENSG00000138376,
B2AI_1_untreated_F1_R8_,B2AI_1_untreated,F1,R8,,HPA035354,ENSG00000138376,
B2AI_1_untreated_B7_R1_,B2AI_1_untreated,B7,R1,,HPA035409,ENSG00000132356,
B2AI_1_untreated_B7_R2_,B2AI_1_untreated,B7,R2,,HPA035409,ENSG00000132356,
B2AI_1_untreated_B7_R3_,B2AI_1_untreated,B7,R3,,HPA035409,ENSG00000132356,
B2AI_1_untreated_B7_R4_,B2AI_1_untreated,B7,R4,,HPA035409,ENSG00000132356,
B2AI_1_untreated_B7_R5_,B2AI_1_untreated,B7,R5,,HPA035409,ENSG00000132356,
B2AI_1_untreated_B7_R6_,B2AI_1_untreated,B7,R6,,HPA035409,ENSG00000132356,
B2AI_1_untreated_B7_R7_,B2AI_1_untreated,B7,R7,,HPA035409,ENSG00000132356,
B2AI_1_untreated_B7_R8_,B2AI_1_untreated,B7,R8,,HPA035409,ENSG00000132356,
B2AI_1_untreated_H8_R1_,B2AI_1_untreated,H8,R1,,HPA035977,ENSG00000167548,
B2AI_1_untreated_H8_R2_,B2AI_1_untreated,H8,R2,,HPA035977,ENSG00000167548,
B2AI_1_untreated_H8_R3_,B2AI_1_untreated,H8,R3,,HPA035977,ENSG00000167548,
B2AI_1_untreated_H8_R4_,B2AI_1_untreated,H8,R4,,HPA035977,ENSG00000167548,
B2AI_1_untreated_H8_R5_,B2AI_1_untreated,H8,R5,,HPA035977,ENSG00000167548,
B2AI_1_untreated_H8_R6_,B2AI_1_untreated,H8,R6,,HPA035977,ENSG00000167548,
B2AI_1_untreated_G5_R1_,B2AI_1_untreated,G5,R1,,HPA037708,ENSG00000178999,
B2AI_1_untreated_G5_R2_,B2AI_1_untreated,G5,R2,,HPA037708,ENSG00000178999,
B2AI_1_untreated_G5_R3_,B2AI_1_untreated,G5,R3,,HPA037708,ENSG00000178999,
B2AI_1_untreated_G5_R4_,B2AI_1_untreated,G5,R4,,HPA037708,ENSG00000178999,
B2AI_1_untreated_G5_R5_,B2AI_1_untreated,G5,R5,,HPA037708,ENSG00000178999,
B2AI_1_untreated_G5_R6_,B2AI_1_untreated,G5,R6,,HPA037708,ENSG00000178999,
B2AI_1_untreated_G5_R7_,B2AI_1_untreated,G5,R7,,HPA037708,ENSG00000178999,
B2AI_1_untreated_G5_R8_,B2AI_1_untreated,G5,R8,,HPA037708,ENSG00000178999,
B2AI_1_untreated_B5_R1_,B2AI_1_untreated,B5,R1,,HPA037988,ENSG00000132510,
B2AI_1_untreated_B5_R2_,B2AI_1_untreated,B5,R2,,HPA037988,ENSG00000132510,
B2AI_1_untreated_B5_R3_,B2AI_1_untreated,B5,R3,,HPA037988,ENSG00000132510,
B2AI_1_untreated_B5_R4_,B2AI_1_untreated,B5,R4,,HPA037988,ENSG00000132510,
B2AI_1_untreated_B5_R5_,B2AI_1_untreated,B5,R5,,HPA037988,ENSG00000132510,
B2AI_1_untreated_B5_R6_,B2AI_1_untreated,B5,R6,,HPA037988,ENSG00000132510,
B2AI_1_untreated_B5_R7_,B2AI_1_untreated,B5,R7,,HPA037988,ENSG00000132510,
B2AI_1_untreated_B5_R8_,B2AI_1_untreated,B5,R8,,HPA037988,ENSG00000132510,
B2AI_1_untreated_A5_R1_,B2AI_1_untreated,A5,R1,,HPA038244,ENSG00000126012,
B2AI_1_untreated_A5_R2_,B2AI_1_untreated,A5,R2,,HPA038244,ENSG00000126012,
B2AI_1_untreated_A5_R3_,B2AI_1_untreated,A5,R3,,HPA038244,ENSG00000126012,
B2AI_1_untreated_A5_R5_,B2AI_1_untreated,A5,R5,,HPA038244,ENSG00000126012,
B2AI_1_untreated_A5_R6_,B2AI_1_untreated,A5,R6,,HPA038244,ENSG00000126012,
B2AI_1_untreated_A5_R7_,B2AI_1_untreated,A5,R7,,HPA038244,ENSG00000126012,
B2AI_1_untreated_A5_R8_,B2AI_1_untreated,A5,R8,,HPA038244,ENSG00000126012,
B2AI_1_untreated_A9_R1_,B2AI_1_untreated,A9,R1,,HPA042866,ENSG00000005483,
B2AI_1_untreated_A9_R4_,B2AI_1_untreated,A9,R4,,HPA042866,ENSG00000005483,
B2AI_1_untreated_A9_R5_,B2AI_1_untreated,A9,R5,,HPA042866,ENSG00000005483,
B2AI_1_untreated_A9_R6_,B2AI_1_untreated,A9,R6,,HPA042866,ENSG00000005483,
B2AI_1_untreated_A9_R7_,B2AI_1_untreated,A9,R7,,HPA042866,ENSG00000005483,
B2AI_1_untreated_A9_R8_,B2AI_1_untreated,A9,R8,,HPA042866,ENSG00000005483,
B2AI_1_untreated_D5_R1_,B2AI_1_untreated,D5,R1,,HPA043135,ENSG00000168769,
B2AI_1_untreated_D5_R2_,B2AI_1_untreated,D5,R2,,HPA043135,ENSG00000168769,
B2AI_1_untreated_D5_R3_,B2AI_1_untreated,D5,R3,,HPA043135,ENSG00000168769,
B2AI_1_untreated_D5_R6_,B2AI_1_untreated,D5,R6,,HPA043135,ENSG00000168769,
B2AI_1_untreated_D5_R7_,B2AI_1_untreated,D5,R7,,HPA043135,ENSG00000168769,
B2AI_1_untreated_D5_R8_,B2AI_1_untreated,D5,R8,,HPA043135,ENSG00000168769,
B2AI_1_untreated_H9_R1_,B2AI_1_untreated,H9,R1,,HPA043837,ENSG00000149923,
B2AI_1_untreated_H9_R2_,B2AI_1_untreated,H9,R2,,HPA043837,ENSG00000149923,
B2AI_1_untreated_H9_R3_,B2AI_1_untreated,H9,R3,,HPA043837,ENSG00000149923,
B2AI_1_untreated_H9_R8_,B2AI_1_untreated,H9,R8,,HPA043837,ENSG00000149923,
B2AI_1_untreated_C6_R1_,B2AI_1_untreated,C6,R1,,HPA043870,ENSG00000096968,
B2AI_1_untreated_C6_R2_,B2AI_1_untreated,C6,R2,,HPA043870,ENSG00000096968,
B2AI_1_untreated_C6_R3_,B2AI_1_untreated,C6,R3,,HPA043870,ENSG00000096968,
B2AI_1_untreated_C6_R4_,B2AI_1_untreated,C6,R4,,HPA043870,ENSG00000096968,
B2AI_1_untreated_C6_R5_,B2AI_1_untreated,C6,R5,,HPA043870,ENSG00000096968,
B2AI_1_untreated_C6_R6_,B2AI_1_untreated,C6,R6,,HPA043870,ENSG00000096968,
B2AI_1_untreated_C6_R7_,B2AI_1_untreated,C6,R7,,HPA043870,ENSG00000096968,
B2AI_1_untreated_C6_R8_,B2AI_1_untreated,C6,R8,,HPA043870,ENSG00000096968,
B2AI_1_untreated_E7_R1_,B2AI_1_untreated,E7,R1,,HPA044342,ENSG00000131791,
B2AI_1_untreated_E7_R2_,B2AI_1_untreated,E7,R2,,HPA044342,ENSG00000131791,
B2AI_1_untreated_E7_R3_,B2AI_1_untreated,E7,R3,,HPA044342,ENSG00000131791,
B2AI_1_untreated_E7_R4_,B2AI_1_untreated,E7,R4,,HPA044342,ENSG00000131791,
B2AI_1_untreated_E7_R5_,B2AI_1_untreated,E7,R5,,HPA044342,ENSG00000131791,
B2AI_1_untreated_E7_R6_,B2AI_1_untreated,E7,R6,,HPA044342,ENSG00000131791,
B2AI_1_untreated_E7_R7_,B2AI_1_untreated,E7,R7,,HPA044342,ENSG00000131791,
B2AI_1_untreated_E7_R8_,B2AI_1_untreated,E7,R8,,HPA044342,ENSG00000131791,
B2AI_1_untreated_C7_R2_,B2AI_1_untreated,C7,R2,,HPA044540,ENSG00000162409,
B2AI_1_untreated_C7_R3_,B2AI_1_untreated,C7,R3,,HPA044540,ENSG00000162409,
B2AI_1_untreated_C7_R4_,B2AI_1_untreated,C7,R4,,HPA044540,ENSG00000162409,
B2AI_1_untreated_C7_R5_,B2AI_1_untreated,C7,R5,,HPA044540,ENSG00000162409,
B2AI_1_untreated_C7_R6_,B2AI_1_untreated,C7,R6,,HPA044540,ENSG00000162409,
B2AI_1_untreated_C7_R7_,B2AI_1_untreated,C7,R7,,HPA044540,ENSG00000162409,
B2AI_1_untreated_C7_R8_,B2AI_1_untreated,C7,R8,,HPA044540,ENSG00000162409,
B2AI_1_untreated_F8_R1_,B2AI_1_untreated,F8,R1,,HPA044910,ENSG00000118058,
B2AI_1_untreated_F8_R2_,B2AI_1_untreated,F8,R2,,HPA044910,ENSG00000118058,
B2AI_1_untreated_F8_R3_,B2AI_1_untreated,F8,R3,,HPA044910,ENSG00000118058,
B2AI_1_untreated_F8_R4_,B2AI_1_untreated,F8,R4,,HPA044910,ENSG00000118058,
B2AI_1_untreated_F8_R5_,B2AI_1_untreated,F8,R5,,HPA044910,ENSG00000118058,
B2AI_1_untreated_F8_R6_,B2AI_1_untreated,F8,R6,,HPA044910,ENSG00000118058,
B2AI_1_untreated_F8_R7_,B2AI_1_untreated,F8,R7,,HPA044910,ENSG00000118058,
B2AI_1_untreated_F8_R8_,B2AI_1_untreated,F8,R8,,HPA044910,ENSG00000118058,
B2AI_1_untreated_A1_R1_,B2AI_1_untreated,A1,R1,,HPA045168,ENSG00000143799,
B2AI_1_untreated_A1_R2_,B2AI_1_untreated,A1,R2,,HPA045168,ENSG00000143799,
B2AI_1_untreated_A1_R3_,B2AI_1_untreated,A1,R3,,HPA045168,ENSG00000143799,
B2AI_1_untreated_A1_R4_,B2AI_1_untreated,A1,R4,,HPA045168,ENSG00000143799,
B2AI_1_untreated_A1_R5_,B2AI_1_untreated,A1,R5,,HPA045168,ENSG00000143799,
B2AI_1_untreated_A1_R6_,B2AI_1_untreated,A1,R6,,HPA045168,ENSG00000143799,
B2AI_1_untreated_A1_R7_,B2AI_1_untreated,A1,R7,,HPA045168,ENSG00000143799,
B2AI_1_untreated_A1_R8_,B2AI_1_untreated,A1,R8,,HPA045168,ENSG00000143799,
B2AI_1_untreated_D1_R1_,B2AI_1_untreated,D1,R1,,HPA046793,ENSG00000069869,
B2AI_1_untreated_D1_R3_,B2AI_1_untreated,D1,R3,,HPA046793,ENSG00000069869,
B2AI_1_untreated_D1_R4_,B2AI_1_untreated,D1,R4,,HPA046793,ENSG00000069869,
B2AI_1_untreated_D1_R5_,B2AI_1_untreated,D1,R5,,HPA046793,ENSG00000069869,
B2AI_1_untreated_D1_R7_,B2AI_1_untreated,D1,R7,,HPA046793,ENSG00000069869,
B2AI_1_untreated_D1_R8_,B2AI_1_untreated,D1,R8,,HPA046793,ENSG00000069869,
B2AI_1_untreated_G6_R1_,B2AI_1_untreated,G6,R1,,HPA048321,ENSG00000166501,
B2AI_1_untreated_G6_R2_,B2AI_1_untreated,G6,R2,,HPA048321,ENSG00000166501,
B2AI_1_untreated_G6_R3_,B2AI_1_untreated,G6,R3,,HPA048321,ENSG00000166501,
B2AI_1_untreated_G6_R4_,B2AI_1_untreated,G6,R4,,HPA048321,ENSG00000166501,
B2AI_1_untreated_G6_R5_,B2AI_1_untreated,G6,R5,,HPA048321,ENSG00000166501,
B2AI_1_untreated_G6_R6_,B2AI_1_untreated,G6,R6,,HPA048321,ENSG00000166501,
B2AI_1_untreated_G6_R7_,B2AI_1_untreated,G6,R7,,HPA048321,ENSG00000166501,
B2AI_1_untreated_G6_R8_,B2AI_1_untreated,G6,R8,,HPA048321,ENSG00000166501,
B2AI_1_untreated_E11_R1_,B2AI_1_untreated,E11,R1,,HPA048340,ENSG00000127616,
B2AI_1_untreated_E11_R2_,B2AI_1_untreated,E11,R2,,HPA048340,ENSG00000127616,
B2AI_1_untreated_E11_R3_,B2AI_1_untreated,E11,R3,,HPA048340,ENSG00000127616,
B2AI_1_untreated_E11_R4_,B2AI_1_untreated,E11,R4,,HPA048340,ENSG00000127616,
B2AI_1_untreated_E11_R5_,B2AI_1_untreated,E11,R5,,HPA048340,ENSG00000127616,
B2AI_1_untreated_E11_R6_,B2AI_1_untreated,E11,R6,,HPA048340,ENSG00000127616,
B2AI_1_untreated_E11_R7_,B2AI_1_untreated,E11,R7,,HPA048340,ENSG00000127616,
B2AI_1_untreated_E11_R8_,B2AI_1_untreated,E11,R8,,HPA048340,ENSG00000127616,
B2AI_1_untreated_B9_R3_,B2AI_1_untreated,B9,R3,,HPA048431,ENSG00000165671,
B2AI_1_untreated_B9_R4_,B2AI_1_untreated,B9,R4,,HPA048431,ENSG00000165671,
B2AI_1_untreated_B9_R5_,B2AI_1_untreated,B9,R5,,HPA048431,ENSG00000165671,
B2AI_1_untreated_B9_R6_,B2AI_1_untreated,B9,R6,,HPA048431,ENSG00000165671,
B2AI_1_untreated_B9_R7_,B2AI_1_untreated,B9,R7,,HPA048431,ENSG00000165671,
B2AI_1_untreated_B9_R8_,B2AI_1_untreated,B9,R8,,HPA048431,ENSG00000165671,
B2AI_1_untreated_E3_R1_,B2AI_1_untreated,E3,R1,,HPA048723,ENSG00000068024,
B2AI_1_untreated_E3_R2_,B2AI_1_untreated,E3,R2,,HPA048723,ENSG00000068024,
B2AI_1_untreated_E3_R3_,B2AI_1_untreated,E3,R3,,HPA048723,ENSG00000068024,
B2AI_1_untreated_E3_R4_,B2AI_1_untreated,E3,R4,,HPA048723,ENSG00000068024,
B2AI_1_untreated_E3_R5_,B2AI_1_untreated,E3,R5,,HPA048723,ENSG00000068024,
B2AI_1_untreated_E3_R6_,B2AI_1_untreated,E3,R6,,HPA048723,ENSG00000068024,
B2AI_1_untreated_E3_R7_,B2AI_1_untreated,E3,R7,,HPA048723,ENSG00000068024,
B2AI_1_untreated_E3_R8_,B2AI_1_untreated,E3,R8,,HPA048723,ENSG00000068024,
B2AI_1_untreated_C2_R2_,B2AI_1_untreated,C2,R2,,HPA049408,ENSG00000276043,
B2AI_1_untreated_C2_R3_,B2AI_1_untreated,C2,R3,,HPA049408,ENSG00000276043,
B2AI_1_untreated_C2_R4_,B2AI_1_untreated,C2,R4,,HPA049408,ENSG00000276043,
B2AI_1_untreated_C2_R5_,B2AI_1_untreated,C2,R5,,HPA049408,ENSG00000276043,
B2AI_1_untreated_C2_R6_,B2AI_1_untreated,C2,R6,,HPA049408,ENSG00000276043,
B2AI_1_untreated_C2_R7_,B2AI_1_untreated,C2,R7,,HPA049408,ENSG00000276043,
B2AI_1_untreated_C2_R8_,B2AI_1_untreated,C2,R8,,HPA049408,ENSG00000276043,
B2AI_1_untreated_E5_R1_,B2AI_1_untreated,E5,R1,,HPA050845,ENSG00000187605,
B2AI_1_untreated_E5_R2_,B2AI_1_untreated,E5,R2,,HPA050845,ENSG00000187605,
B2AI_1_untreated_E5_R3_,B2AI_1_untreated,E5,R3,,HPA050845,ENSG00000187605,
B2AI_1_untreated_E5_R4_,B2AI_1_untreated,E5,R4,,HPA050845,ENSG00000187605,
B2AI_1_untreated_E5_R5_,B2AI_1_untreated,E5,R5,,HPA050845,ENSG00000187605,
B2AI_1_untreated_E5_R6_,B2AI_1_untreated,E5,R6,,HPA050845,ENSG00000187605,
B2AI_1_untreated_E5_R7_,B2AI_1_untreated,E5,R7,,HPA050845,ENSG00000187605,
B2AI_1_untreated_E5_R8_,B2AI_1_untreated,E5,R8,,HPA050845,ENSG00000187605,
B2AI_1_untreated_G1_R1_,B2AI_1_untreated,G1,R1,,HPA051773,ENSG00000155827,
B2AI_1_untreated_G1_R2_,B2AI_1_untreated,G1,R2,,HPA051773,ENSG00000155827,
B2AI_1_untreated_G1_R3_,B2AI_1_untreated,G1,R3,,HPA051773,ENSG00000155827,
B2AI_1_untreated_G1_R4_,B2AI_1_untreated,G1,R4,,HPA051773,ENSG00000155827,
B2AI_1_untreated_G1_R5_,B2AI_1_untreated,G1,R5,,HPA051773,ENSG00000155827,
B2AI_1_untreated_G1_R6_,B2AI_1_untreated,G1,R6,,HPA051773,ENSG00000155827,
B2AI_1_untreated_G1_R7_,B2AI_1_untreated,G1,R7,,HPA051773,ENSG00000155827,
B2AI_1_untreated_G1_R8_,B2AI_1_untreated,G1,R8,,HPA051773,ENSG00000155827,
B2AI_1_untreated_D3_R1_,B2AI_1_untreated,D3,R1,,HPA052052,ENSG00000171720,
B2AI_1_untreated_D3_R2_,B2AI_1_untreated,D3,R2,,HPA052052,ENSG00000171720,
B2AI_1_untreated_D3_R3_,B2AI_1_untreated,D3,R3,,HPA052052,ENSG00000171720,
B2AI_1_untreated_D3_R4_,B2AI_1_untreated,D3,R4,,HPA052052,ENSG00000171720,
B2AI_1_untreated_D3_R5_,B2AI_1_untreated,D3,R5,,HPA052052,ENSG00000171720,
B2AI_1_untreated_D3_R6_,B2AI_1_untreated,D3,R6,,HPA052052,ENSG00000171720,
B2AI_1_untreated_D3_R7_,B2AI_1_untreated,D3,R7,,HPA052052,ENSG00000171720,
B2AI_1_untreated_D3_R8_,B2AI_1_untreated,D3,R8,,HPA052052,ENSG00000171720,
B2AI_1_untreated_F10_R1_,B2AI_1_untreated,F10,R1,,HPA052591,ENSG00000153487,
B2AI_1_untreated_F10_R2_,B2AI_1_untreated,F10,R2,,HPA052591,ENSG00000153487,
B2AI_1_untreated_F10_R3_,B2AI_1_untreated,F10,R3,,HPA052591,ENSG00000153487,
B2AI_1_untreated_F10_R4_,B2AI_1_untreated,F10,R4,,HPA052591,ENSG00000153487,
B2AI_1_untreated_F10_R5_,B2AI_1_untreated,F10,R5,,HPA052591,ENSG00000153487,
B2AI_1_untreated_F10_R6_,B2AI_1_untreated,F10,R6,,HPA052591,ENSG00000153487,
B2AI_1_untreated_F10_R7_,B2AI_1_untreated,F10,R7,,HPA052591,ENSG00000153487,
B2AI_1_untreated_F10_R8_,B2AI_1_untreated,F10,R8,,HPA052591,ENSG00000153487,
B2AI_1_untreated_H4_R1_,B2AI_1_untreated,H4,R1,,HPA053723,ENSG00000117139,
B2AI_1_untreated_H4_R2_,B2AI_1_untreated,H4,R2,,HPA053723,ENSG00000117139,
B2AI_1_untreated_H4_R3_,B2AI_1_untreated,H4,R3,,HPA053723,ENSG00000117139,
B2AI_1_untreated_H4_R4_,B2AI_1_untreated,H4,R4,,HPA053723,ENSG00000117139,
B2AI_1_untreated_H4_R5_,B2AI_1_untreated,H4,R5,,HPA053723,ENSG00000117139,
B2AI_1_untreated_H4_R6_,B2AI_1_untreated,H4,R6,,HPA053723,ENSG00000117139,
B2AI_1_untreated_H4_R7_,B2AI_1_untreated,H4,R7,,HPA053723,ENSG00000117139,
B2AI_1_untreated_H4_R8_,B2AI_1_untreated,H4,R8,,HPA053723,ENSG00000117139,
B2AI_1_untreated_A12_R1_,B2AI_1_untreated,A12,R1,,HPA055839,ENSG00000114166,
B2AI_1_untreated_A12_R2_,B2AI_1_untreated,A12,R2,,HPA055839,ENSG00000114166,
B2AI_1_untreated_A12_R3_,B2AI_1_untreated,A12,R3,,HPA055839,ENSG00000114166,
B2AI_1_untreated_A12_R5_,B2AI_1_untreated,A12,R5,,HPA055839,ENSG00000114166,
B2AI_1_untreated_A12_R6_,B2AI_1_untreated,A12,R6,,HPA055839,ENSG00000114166,
B2AI_1_untreated_A12_R7_,B2AI_1_untreated,A12,R7,,HPA055839,ENSG00000114166,
B2AI_1_untreated_A12_R8_,B2AI_1_untreated,A12,R8,,HPA055839,ENSG00000114166,
B2AI_1_untreated_F2_R2_,B2AI_1_untreated,F2,R2,,HPA055861,ENSG00000005339,
B2AI_1_untreated_F2_R3_,B2AI_1_untreated,F2,R3,,HPA055861,ENSG00000005339,
B2AI_1_untreated_F2_R4_,B2AI_1_untreated,F2,R4,,HPA055861,ENSG00000005339,
B2AI_1_untreated_F2_R5_,B2AI_1_untreated,F2,R5,,HPA055861,ENSG00000005339,
B2AI_1_untreated_F2_R6_,B2AI_1_untreated,F2,R6,,HPA055861,ENSG00000005339,
B2AI_1_untreated_F2_R7_,B2AI_1_untreated,F2,R7,,HPA055861,ENSG00000005339,
B2AI_1_untreated_F2_R8_,B2AI_1_untreated,F2,R8,,HPA055861,ENSG00000005339,
B2AI_1_untreated_A7_R1_,B2AI_1_untreated,A7,R1,,HPA058068,ENSG00000009954,
B2AI_1_untreated_A7_R2_,B2AI_1_untreated,A7,R2,,HPA058068,ENSG00000009954,
B2AI_1_untreated_A7_R3_,B2AI_1_untreated,A7,R3,,HPA058068,ENSG00000009954,
B2AI_1_untreated_A7_R4_,B2AI_1_untreated,A7,R4,,HPA058068,ENSG00000009954,
B2AI_1_untreated_A7_R5_,B2AI_1_untreated,A7,R5,,HPA058068,ENSG00000009954,
B2AI_1_untreated_A7_R6_,B2AI_1_untreated,A7,R6,,HPA058068,ENSG00000009954,
B2AI_1_untreated_A7_R7_,B2AI_1_untreated,A7,R7,,HPA058068,ENSG00000009954,
B2AI_1_untreated_A7_R8_,B2AI_1_untreated,A7,R8,,HPA058068,ENSG00000009954,
B2AI_1_untreated_A6_R1_,B2AI_1_untreated,A6,R1,,HPA059206,ENSG00000101266;ENSG00000254598,
B2AI_1_untreated_A6_R2_,B2AI_1_untreated,A6,R2,,HPA059206,ENSG00000101266;ENSG00000254598,
B2AI_1_untreated_A6_R3_,B2AI_1_untreated,A6,R3,,HPA059206,ENSG00000101266;ENSG00000254598,
B2AI_1_untreated_A6_R4_,B2AI_1_untreated,A6,R4,,HPA059206,ENSG00000101266;ENSG00000254598,
B2AI_1_untreated_A6_R5_,B2AI_1_untreated,A6,R5,,HPA059206,ENSG00000101266;ENSG00000254598,
B2AI_1_untreated_A6_R6_,B2AI_1_untreated,A6,R6,,HPA059206,ENSG00000101266;ENSG00000254598,
B2AI_1_untreated_A6_R7_,B2AI_1_untreated,A6,R7,,HPA059206,ENSG00000101266;ENSG00000254598,
B2AI_1_untreated_A6_R8_,B2AI_1_untreated,A6,R8,,HPA059206,ENSG00000101266;ENSG00000254598,
B2AI_1_untreated_D8_R1_,B2AI_1_untreated,D8,R1,,HPA060022,ENSG00000181090,
B2AI_1_untreated_D8_R2_,B2AI_1_untreated,D8,R2,,HPA060022,ENSG00000181090,
B2AI_1_untreated_D8_R3_,B2AI_1_untreated,D8,R3,,HPA060022,ENSG00000181090,
B2AI_1_untreated_D8_R4_,B2AI_1_untreated,D8,R4,,HPA060022,ENSG00000181090,
B2AI_1_untreated_D8_R5_,B2AI_1_untreated,D8,R5,,HPA060022,ENSG00000181090,
B2AI_1_untreated_D8_R6_,B2AI_1_untreated,D8,R6,,HPA060022,ENSG00000181090,
B2AI_1_untreated_D8_R7_,B2AI_1_untreated,D8,R7,,HPA060022,ENSG00000181090,
B2AI_1_untreated_D8_R8_,B2AI_1_untreated,D8,R8,,HPA060022,ENSG00000181090,
B2AI_1_untreated_C10_R1_,B2AI_1_untreated,C10,R1,,HPA060171,ENSG00000166164,
B2AI_1_untreated_C10_R2_,B2AI_1_untreated,C10,R2,,HPA060171,ENSG00000166164,
B2AI_1_untreated_C10_R3_,B2AI_1_untreated,C10,R3,,HPA060171,ENSG00000166164,
B2AI_1_untreated_C10_R4_,B2AI_1_untreated,C10,R4,,HPA060171,ENSG00000166164,
B2AI_1_untreated_C10_R5_,B2AI_1_untreated,C10,R5,,HPA060171,ENSG00000166164,
B2AI_1_untreated_C10_R6_,B2AI_1_untreated,C10,R6,,HPA060171,ENSG00000166164,
B2AI_1_untreated_C10_R8_,B2AI_1_untreated,C10,R8,,HPA060171,ENSG00000166164,
B2AI_1_untreated_A11_R1_,B2AI_1_untreated,A11,R1,,HPA061603,ENSG00000108953;ENSG00000128245;ENSG00000134308;ENSG00000164924;ENSG00000166913;ENSG00000170027;ENSG00000175793,
B2AI_1_untreated_A11_R2_,B2AI_1_untreated,A11,R2,,HPA061603,ENSG00000108953;ENSG00000128245;ENSG00000134308;ENSG00000164924;ENSG00000166913;ENSG00000170027;ENSG00000175793,
B2AI_1_untreated_A11_R3_,B2AI_1_untreated,A11,R3,,HPA061603,ENSG00000108953;ENSG00000128245;ENSG00000134308;ENSG00000164924;ENSG00000166913;ENSG00000170027;ENSG00000175793,
B2AI_1_untreated_A11_R4_,B2AI_1_untreated,A11,R4,,HPA061603,ENSG00000108953;ENSG00000128245;ENSG00000134308;ENSG00000164924;ENSG00000166913;ENSG00000170027;ENSG00000175793,
B2AI_1_untreated_A11_R5_,B2AI_1_untreated,A11,R5,,HPA061603,ENSG00000108953;ENSG00000128245;ENSG00000134308;ENSG00000164924;ENSG00000166913;ENSG00000170027;ENSG00000175793,
B2AI_1_untreated_A11_R6_,B2AI_1_untreated,A11,R6,,HPA061603,ENSG00000108953;ENSG00000128245;ENSG00000134308;ENSG00000164924;ENSG00000166913;ENSG00000170027;ENSG00000175793,
B2AI_1_untreated_A11_R7_,B2AI_1_untreated,A11,R7,,HPA061603,ENSG00000108953;ENSG00000128245;ENSG00000134308;ENSG00000164924;ENSG00000166913;ENSG00000170027;ENSG00000175793,
B2AI_1_untreated_A11_R8_,B2AI_1_untreated,A11,R8,,HPA061603,ENSG00000108953;ENSG00000128245;ENSG00000134308;ENSG00000164924;ENSG00000166913;ENSG00000170027;ENSG00000175793,
B2AI_1_untreated_B10_R1_,B2AI_1_untreated,B10,R1,,HPA061646,ENSG00000141867,
B2AI_1_untreated_B10_R2_,B2AI_1_untreated,B10,R2,,HPA061646,ENSG00000141867,
B2AI_1_untreated_B10_R3_,B2AI_1_untreated,B10,R3,,HPA061646,ENSG00000141867,
B2AI_1_untreated_B10_R4_,B2AI_1_untreated,B10,R4,,HPA061646,ENSG00000141867,
B2AI_1_untreated_B10_R5_,B2AI_1_untreated,B10,R5,,HPA061646,ENSG00000141867,
B2AI_1_untreated_B10_R6_,B2AI_1_untreated,B10,R6,,HPA061646,ENSG00000141867,
B2AI_1_untreated_B10_R7_,B2AI_1_untreated,B10,R7,,HPA061646,ENSG00000141867,
B2AI_1_untreated_B10_R8_,B2AI_1_untreated,B10,R8,,HPA061646,ENSG00000141867,
B2AI_1_untreated_H10_R1_,B2AI_1_untreated,H10,R1,,HPA061717,ENSG00000122779,
B2AI_1_untreated_H10_R11_,B2AI_1_untreated,H10,R11,,HPA061717,ENSG00000122779,
B2AI_1_untreated_H10_R12_,B2AI_1_untreated,H10,R12,,HPA061717,ENSG00000122779,
B2AI_1_untreated_H10_R13_,B2AI_1_untreated,H10,R13,,HPA061717,ENSG00000122779,
B2AI_1_untreated_H10_R14_,B2AI_1_untreated,H10,R14,,HPA061717,ENSG00000122779,
B2AI_1_untreated_H10_R15_,B2AI_1_untreated,H10,R15,,HPA061717,ENSG00000122779,
B2AI_1_untreated_H10_R2_,B2AI_1_untreated,H10,R2,,HPA061717,ENSG00000122779,
B2AI_1_untreated_H10_R3_,B2AI_1_untreated,H10,R3,,HPA061717,ENSG00000122779,
B2AI_1_untreated_H10_R4_,B2AI_1_untreated,H10,R4,,HPA061717,ENSG00000122779,
B2AI_1_untreated_H10_R5_,B2AI_1_untreated,H10,R5,,HPA061717,ENSG00000122779,
B2AI_1_untreated_H11_R1_,B2AI_1_untreated,H11,R1,,HPA062010,ENSG00000185787,
B2AI_1_untreated_H11_R11_,B2AI_1_untreated,H11,R11,,HPA062010,ENSG00000185787,
B2AI_1_untreated_H11_R12_,B2AI_1_untreated,H11,R12,,HPA062010,ENSG00000185787,
B2AI_1_untreated_H11_R13_,B2AI_1_untreated,H11,R13,,HPA062010,ENSG00000185787,
B2AI_1_untreated_H11_R14_,B2AI_1_untreated,H11,R14,,HPA062010,ENSG00000185787,
B2AI_1_untreated_H11_R15_,B2AI_1_untreated,H11,R15,,HPA062010,ENSG00000185787,
B2AI_1_untreated_H11_R16_,B2AI_1_untreated,H11,R16,,HPA062010,ENSG00000185787,
B2AI_1_untreated_H11_R4_,B2AI_1_untreated,H11,R4,,HPA062010,ENSG00000185787,
B2AI_1_untreated_H11_R5_,B2AI_1_untreated,H11,R5,,HPA062010,ENSG00000185787,
B2AI_1_untreated_E9_R1_,B2AI_1_untreated,E9,R1,,HPA062889,ENSG00000158161,
B2AI_1_untreated_E9_R2_,B2AI_1_untreated,E9,R2,,HPA062889,ENSG00000158161,
B2AI_1_untreated_E9_R3_,B2AI_1_untreated,E9,R3,,HPA062889,ENSG00000158161,
B2AI_1_untreated_E9_R4_,B2AI_1_untreated,E9,R4,,HPA062889,ENSG00000158161,
B2AI_1_untreated_E9_R5_,B2AI_1_untreated,E9,R5,,HPA062889,ENSG00000158161,
B2AI_1_untreated_E9_R6_,B2AI_1_untreated,E9,R6,,HPA062889,ENSG00000158161,
B2AI_1_untreated_E9_R7_,B2AI_1_untreated,E9,R7,,HPA062889,ENSG00000158161,
B2AI_1_untreated_E9_R8_,B2AI_1_untreated,E9,R8,,HPA062889,ENSG00000158161,
B2AI_1_untreated_H2_R1_,B2AI_1_untreated,H2,R1,,HPA065052,ENSG00000083168,
B2AI_1_untreated_H2_R2_,B2AI_1_untreated,H2,R2,,HPA065052,ENSG00000083168,
B2AI_1_untreated_H2_R3_,B2AI_1_untreated,H2,R3,,HPA065052,ENSG00000083168,
B2AI_1_untreated_H2_R4_,B2AI_1_untreated,H2,R4,,HPA065052,ENSG00000083168,
B2AI_1_untreated_H2_R5_,B2AI_1_untreated,H2,R5,,HPA065052,ENSG00000083168,
B2AI_1_untreated_H2_R6_,B2AI_1_untreated,H2,R6,,HPA065052,ENSG00000083168,
B2AI_1_untreated_H2_R7_,B2AI_1_untreated,H2,R7,,HPA065052,ENSG00000083168,
B2AI_1_untreated_H2_R8_,B2AI_1_untreated,H2,R8,,HPA065052,ENSG00000083168,
B2AI_1_untreated_F9_R1_,B2AI_1_untreated,F9,R1,,HPA065425,ENSG00000213639,
B2AI_1_untreated_F9_R2_,B2AI_1_untreated,F9,R2,,HPA065425,ENSG00000213639,
B2AI_1_untreated_F9_R3_,B2AI_1_untreated,F9,R3,,HPA065425,ENSG00000213639,
B2AI_1_untreated_F9_R4_,B2AI_1_untreated,F9,R4,,HPA065425,ENSG00000213639,
B2AI_1_untreated_F9_R5_,B2AI_1_untreated,F9,R5,,HPA065425,ENSG00000213639,
B2AI_1_untreated_F9_R6_,B2AI_1_untreated,F9,R6,,HPA065425,ENSG00000213639,
B2AI_1_untreated_F9_R7_,B2AI_1_untreated,F9,R7,,HPA065425,ENSG00000213639,
B2AI_1_untreated_F9_R8_,B2AI_1_untreated,F9,R8,,HPA065425,ENSG00000213639,
B2AI_1_untreated_G12_R1_,B2AI_1_untreated,G12,R1,,HPA065704,ENSG00000175097,
B2AI_1_untreated_G12_R3_,B2AI_1_untreated,G12,R3,,HPA065704,ENSG00000175097,
B2AI_1_untreated_G12_R4_,B2AI_1_untreated,G12,R4,,HPA065704,ENSG00000175097,
B2AI_1_untreated_G12_R5_,B2AI_1_untreated,G12,R5,,HPA065704,ENSG00000175097,
B2AI_1_untreated_G12_R6_,B2AI_1_untreated,G12,R6,,HPA065704,ENSG00000175097,
B2AI_1_untreated_G12_R7_,B2AI_1_untreated,G12,R7,,HPA065704,ENSG00000175097,
B2AI_1_untreated_G12_R8_,B2AI_1_untreated,G12,R8,,HPA065704,ENSG00000175097,
B2AI_1_untreated_F5_R1_,B2AI_1_untreated,F5,R1,,HPA067142,ENSG00000149311,
B2AI_1_untreated_F5_R2_,B2AI_1_untreated,F5,R2,,HPA067142,ENSG00000149311,
B2AI_1_untreated_F5_R3_,B2AI_1_untreated,F5,R3,,HPA067142,ENSG00000149311,
B2AI_1_untreated_F5_R4_,B2AI_1_untreated,F5,R4,,HPA067142,ENSG00000149311,
B2AI_1_untreated_F5_R5_,B2AI_1_untreated,F5,R5,,HPA067142,ENSG00000149311,
B2AI_1_untreated_F5_R7_,B2AI_1_untreated,F5,R7,,HPA067142,ENSG00000149311,
B2AI_1_untreated_F5_R8_,B2AI_1_untreated,F5,R8,,HPA067142,ENSG00000149311,
B2AI_1_untreated_G4_R1_,B2AI_1_untreated,G4,R1,,HPA069357,ENSG00000107077,
B2AI_1_untreated_G4_R2_,B2AI_1_untreated,G4,R2,,HPA069357,ENSG00000107077,
B2AI_1_untreated_G4_R4_,B2AI_1_untreated,G4,R4,,HPA069357,ENSG00000107077,
B2AI_1_untreated_G4_R5_,B2AI_1_untreated,G4,R5,,HPA069357,ENSG00000107077,
B2AI_1_untreated_G4_R7_,B2AI_1_untreated,G4,R7,,HPA069357,ENSG00000107077,
B2AI_1_untreated_G4_R8_,B2AI_1_untreated,G4,R8,,HPA069357,ENSG00000107077,
B2AI_1_untreated_E8_R3_,B2AI_1_untreated,E8,R3,,HPA071677,ENSG00000136169,
B2AI_1_untreated_E8_R4_,B2AI_1_untreated,E8,R4,,HPA071677,ENSG00000136169,
B2AI_1_untreated_E8_R5_,B2AI_1_untreated,E8,R5,,HPA071677,ENSG00000136169,
B2AI_1_untreated_E8_R6_,B2AI_1_untreated,E8,R6,,HPA071677,ENSG00000136169,
B2AI_1_untreated_E8_R7_,B2AI_1_untreated,E8,R7,,HPA071677,ENSG00000136169,
B2AI_1_untreated_E8_R8_,B2AI_1_untreated,E8,R8,,HPA071677,ENSG00000136169,
B2AI_1_untreated_C9_R1_,B2AI_1_untreated,C9,R1,,HPA072136,ENSG00000126457,
B2AI_1_untreated_C9_R2_,B2AI_1_untreated,C9,R2,,HPA072136,ENSG00000126457,
B2AI_1_untreated_C9_R3_,B2AI_1_untreated,C9,R3,,HPA072136,ENSG00000126457,
B2AI_1_untreated_C9_R4_,B2AI_1_untreated,C9,R4,,HPA072136,ENSG00000126457,
B2AI_1_untreated_C9_R5_,B2AI_1_untreated,C9,R5,,HPA072136,ENSG00000126457,
B2AI_1_untreated_C9_R6_,B2AI_1_untreated,C9,R6,,HPA072136,ENSG00000126457,
B2AI_1_untreated_C9_R8_,B2AI_1_untreated,C9,R8,,HPA072136,ENSG00000126457,
B2AI_1_untreated_G8_R2_,B2AI_1_untreated,G8,R2,,HPA074736,ENSG00000055609,
B2AI_1_untreated_G8_R3_,B2AI_1_untreated,G8,R3,,HPA074736,ENSG00000055609,
B2AI_1_untreated_G8_R4_,B2AI_1_untreated,G8,R4,,HPA074736,ENSG00000055609,
B2AI_1_untreated_G8_R5_,B2AI_1_untreated,G8,R5,,HPA074736,ENSG00000055609,
B2AI_1_untreated_G8_R6_,B2AI_1_untreated,G8,R6,,HPA074736,ENSG00000055609,
B2AI_1_untreated_G8_R7_,B2AI_1_untreated,G8,R7,,HPA074736,ENSG00000055609,
B2AI_1_untreated_G8_R8_,B2AI_1_untreated,G8,R8,,HPA074736,ENSG00000055609,
B2AI_1_untreated_H7_R11_,B2AI_1_untreated,H7,R11,,HPA076218,ENSG00000115592,
B2AI_1_untreated_H7_R12_,B2AI_1_untreated,H7,R12,,HPA076218,ENSG00000115592,
B2AI_1_untreated_H7_R13_,B2AI_1_untreated,H7,R13,,HPA076218,ENSG00000115592,
B2AI_1_untreated_H7_R14_,B2AI_1_untreated,H7,R14,,HPA076218,ENSG00000115592,
B2AI_1_untreated_H7_R15_,B2AI_1_untreated,H7,R15,,HPA076218,ENSG00000115592,
B2AI_1_untreated_H7_R16_,B2AI_1_untreated,H7,R16,,HPA076218,ENSG00000115592,
B2AI_1_untreated_H7_R4_,B2AI_1_untreated,H7,R4,,HPA076218,ENSG00000115592,
B2AI_1_untreated_H7_R5_,B2AI_1_untreated,H7,R5,,HPA076218,ENSG00000115592,
B2AI_1_untreated_H7_R7_,B2AI_1_untreated,H7,R7,,HPA076218,ENSG00000115592,
B2AI_1_untreated_H7_R8_,B2AI_1_untreated,H7,R8,,HPA076218,ENSG00000115592,
B2AI_1_untreated_C12_R1_,B2AI_1_untreated,C12,R1,,HPA076873,ENSG00000169925,
B2AI_1_untreated_C12_R2_,B2AI_1_untreated,C12,R2,,HPA076873,ENSG00000169925,
B2AI_1_untreated_C12_R3_,B2AI_1_untreated,C12,R3,,HPA076873,ENSG00000169925,
B2AI_1_untreated_C12_R5_,B2AI_1_untreated,C12,R5,,HPA076873,ENSG00000169925,
B2AI_1_untreated_C12_R6_,B2AI_1_untreated,C12,R6,,HPA076873,ENSG00000169925,
B2AI_1_untreated_C12_R7_,B2AI_1_untreated,C12,R7,,HPA076873,ENSG00000169925,
B2AI_1_untreated_C12_R8_,B2AI_1_untreated,C12,R8,,HPA076873,ENSG00000169925,
B2AI_1_untreated_F7_R1_,B2AI_1_untreated,F7,R1,,HPA077805,ENSG00000181929,
B2AI_1_untreated_F7_R3_,B2AI_1_untreated,F7,R3,,HPA077805,ENSG00000181929,
B2AI_1_untreated_F7_R4_,B2AI_1_untreated,F7,R4,,HPA077805,ENSG00000181929,
B2AI_1_untreated_F7_R5_,B2AI_1_untreated,F7,R5,,HPA077805,ENSG00000181929,
B2AI_1_untreated_F7_R6_,B2AI_1_untreated,F7,R6,,HPA077805,ENSG00000181929,
B2AI_1_untreated_F7_R7_,B2AI_1_untreated,F7,R7,,HPA077805,ENSG00000181929,
B2AI_1_untreated_F7_R8_,B2AI_1_untreated,F7,R8,,HPA077805,ENSG00000181929,
B2AI_1_untreated_H12_R2_,B2AI_1_untreated,H12,R2,,NEGATIVE-CTRL,nan,
B2AI_1_untreated_H12_R3_,B2AI_1_untreated,H12,R3,,NEGATIVE-CTRL,nan,
B2AI_1_untreated_H12_R4_,B2AI_1_untreated,H12,R4,,NEGATIVE-CTRL,nan,
B2AI_1_untreated_H12_R6_,B2AI_1_untreated,H12,R6,,NEGATIVE-CTRL,nan,
B2AI_1_untreated_H12_R7_,B2AI_1_untreated,H12,R7,,NEGATIVE-CTRL,nan,
B2AI_1_untreated_H12_R8_,B2AI_1_untreated,H12,R8,,NEGATIVE-CTRL,nan,
